Tamaño_Matriz,Tiempo_Fila_ms,Tiempo_Columna_ms
25,0.002311,0.002185
50,0.008635,0.00838
75,0.033163,0.016288
100,0.035496,0.028669
200,0.144155,0.131634
300,0.32478,0.263267
400,0.588644,0.522274
500,0.927072,0.875545
600,1.35837,1.98782
700,1.88463,2.35293
800,2.61898,3.68223
900,2.55099,7.4777
1000,4.14923,4.10569
