Size,Time (ms)
0,0
20,0.042521
50,0.648454
100,4.7707
200,33.5848
500,460.405
1000,4088.45
2000,53242.9
