Size,Classic Time (ms),Blocked Time (ms)
0,0,0
10,0.005693,0.00916
20,0.041495,0.057956
30,0.135688,0.183163
50,0.633044,0.890492
100,4.26457,5.62469
