Size,Classic Time (ms),Blocked Time (ms)
0,0,0
10,0.00565,0.009219
20,0.041613,0.057794
30,0.129473,0.183046
50,0.591467,0.812811
100,4.86416,6.56477
1000,4270.11,4978.08
1500,18007.9,16591.9
2000,48566.1,40242.4
4000,587851,326834
